{
  "cgpa": 0.17239763048985773,
  "problem_solving": 0.14727061382612464,
  "communication_skills": 0.10627349436131679,
  "adaptability": 0.10619555247042316,
  "teamwork": 0.10310400915748122,
  "technical_skills": 0.10214829065192332,
  "projects": 0.09524727289187294,
  "leadership": 0.09410899935100334,
  "internships": 0.07325413679999684
}